{"cameraMode":{"drawMode":0,"name":"Shaded","section":"Shading Mode"},"sceneLighting":true,"audioPlay":false,"sceneViewState":{"showFog":true,"showMaterialUpdate":false,"showSkybox":true,"showFlares":true,"showImageEffects":true,"showParticleSystems":true},"in2DMode":false,"pivot":{"x":8.940696716308594e-8,"y":0.5453696250915527,"z":0.00440157949924469},"rotation":{"x":0.13420791923999787,"y":0.37724995613098147,"z":-0.055717628449201587,"w":0.9147769808769226},"size":2.1658377647399904,"orthographic":false}